iter	RMSE
0	0.9181399064
1	0.9139095248
2	0.9097788613
3	0.9053293252
4	0.9011283073
5	0.89684677
6	0.8923862147
7	0.8880499238
8	0.8839193584
9	0.8799470999
10	0.8759538235
11	0.8722039119
12	0.8686860853
13	0.8653188289
14	0.8616514092
15	0.8580550922
